{"entities":{"pages":{"starter-topic":{"id":"starter-topic","title":"About Test","url":"starter-topic.html","level":0,"tabIndex":0},"Tutorial":{"id":"Tutorial","title":"Tutorial","url":"tutorial.html","level":0,"tabIndex":1},"Starter":{"id":"Starter","title":"Starter","url":"starter.html","level":0,"tabIndex":2},"How-to":{"id":"How-to","title":"How to","url":"how-to.html","level":0,"tabIndex":3},"Reference":{"id":"Reference","title":"Reference","url":"reference.html","level":0,"tabIndex":4},"저자의-글-md":{"id":"저자의-글-md","title":"저자의 글","url":"저자의-글-md.html","level":0,"tabIndex":5}}},"topLevelIds":["starter-topic","Tutorial","Starter","How-to","Reference","저자의-글-md"]}