{"entities":{"pages":{"저자의-글-md":{"id":"저자의-글-md","title":"저자의 글","url":"저자의-글-md.html","level":0,"tabIndex":0},"1부-Money-예제":{"id":"1부-Money-예제","title":"1부 - Money 예제","url":"1부-money-예제.html","level":0,"pages":["1장-다중-통화를-지원하는-Money-객체","2장-타락한-객체"],"tabIndex":1},"1장-다중-통화를-지원하는-Money-객체":{"id":"1장-다중-통화를-지원하는-Money-객체","title":"1장. 다중 통화를 지원하는 Money 객체","url":"1장-다중-통화를-지원하는-money-객체.html","level":1,"parentId":"1부-Money-예제","tabIndex":0},"2장-타락한-객체":{"id":"2장-타락한-객체","title":"2장. 타락한 객체","url":"2장-타락한-객체.html","level":1,"parentId":"1부-Money-예제","tabIndex":1}}},"topLevelIds":["저자의-글-md","1부-Money-예제"]}